<?xml version="1.0" encoding="UTF-8"?>
<project-private xmlns="http://www.netbeans.org/ns/project-private/1">
    <editor-bookmarks xmlns="http://www.netbeans.org/ns/editor-bookmarks/2" lastBookmarkId="0"/>
    <open-files xmlns="http://www.netbeans.org/ns/projectui-open-files/2">
        <group>
            <file>file:/C:/Users/crist/Dropbox/Material%20Aluno%20Cristiano%20BD%20P.Rafael/escolar/src/br/ufmt/ic/posbd/escolar/Main.java</file>
            <file>file:/C:/Users/crist/Dropbox/Material%20Aluno%20Cristiano%20BD%20P.Rafael/escolar/src/br/ufmt/ic/posbd/escolar/dao/mysql/ResponsavelDAOImpl.java</file>
            <file>file:/C:/Users/crist/Dropbox/Material%20Aluno%20Cristiano%20BD%20P.Rafael/escolar/src/br/ufmt/ic/posbd/escolar/dao/mysql/DAOImpl.java</file>
            <file>file:/C:/Users/crist/Dropbox/Material%20Aluno%20Cristiano%20BD%20P.Rafael/escolar/src/br/ufmt/ic/posbd/escolar/dao/mysql/BancoMySQL.java</file>
        </group>
    </open-files>
</project-private>
